niter,ncall,logz,logzerr,h
4263,14208,17.230504980387842,0.24926970637237744,12.427077302994253
