niter,ncall,logz,logzerr,h
5504,0,35.41184146266948,0.30129867074878647,18.156177798997128
