niter,ncall,logz,logzerr,h
5527,0,35.298814434480384,0.3030193235755363,18.36414209203511
