niter,ncall,logz,logzerr,h
4021,0,8.498115837970985,0.23683042374938368,11.217729922662528
